Product category,Product name,20-Mar,20-Apr,20-May,20-Jun,20-Jul,20-Aug,20-Sep,20-Oct,20-Nov,20-Dec,21-Jan,21-Feb,21-Mar,21-Apr,21-May,21-Jun,21-Jul,21-Aug,21-Sep,21-Oct,21-Nov,21-Dec,22-Jan,22-Feb
A,A 13800 BRON S1 200KG DRUM ST,,,,6840,,6364,9128,,,,,,,,,,,,,,,,,
A,A 20700 WHIT S1 200KG DRUM ST,,,,12005,16297,16245,43750,,35783,33260,10363,8835,7460,16412,17158,17158,17158,17904,19396,20888,20142,18650,17904,15666
A,A 20700 TRAN S1 200KG DRUM ST,"55,038","34,045","5,738",5228,56973,,36339,40692,23464,25695,19764,9430,58800,102165,93345,56595,58065,60270,58065,63210,22050,49245,47775,41895
A,A 20700 BLAC S1 200KG DRUM ST,,,"1,475",4504,4580,1465,3697,6363,2321,5248,757,1600,4434,3695,3695,2956,3695,3695,2956,4434,3695,4434,2956,2956
A,A 20930 WHIT S1F 200KG DRUM ST,"19,346","19,188",,23238,14088,7385,48803,25799,26579,19211,23825,16291,60264,29760,27528,24552,27528,27528,25296,25296,25296,28272,27528,24552
A,A 20930 TRAN S1F 200KG DRUM ST,"20,456","9,365",,6485,24630,18012,26215,27414,6549,31564,11846,5910,76232,31519,27121,25655,29320,27854,26388,27121,20524,21257,21257,18325
A,A 20240 TRAN S1 ZJG BARR 200KG,,,,14324,7505,15035,17189,20367,9697,8984,9808,11948,9750,11250,9000,9000,10500,9750,9750,9750,9750,12750,12000,10500
A,A 20470 WHIT S7 ZJG BARR 270KG,,,,,,84770,47150,59335,26627,74712,25633,6251,83511,41240,41240,41240,42271,29899,41240,44333,,49488,,
A,A 20240 BLACK S1 ZJG BARR 200KG,,,,1475,813,1613,3780,1711,882,4187,905,,3016,754,1508,1508,1508,1508,754,1508,1508,1508,754,1508
A,A 20240 GREY S2 ZJG BARR 200KG,,"1,493",,1492,,1533,2437,1692,760,2957,,,2274,1516,758,,1516,758,758,758,1516,758,758,1516
A,A 20240 WHITE S1 ZJG BARR 200KG,827,"2,288",,2353,2543,1550,4675,3159,2458,6997,752,748,5327,2283,2283,2283,2283,2283,3044,2283,2283,3044,2283,1522
A,A 20470 BLAC 06 ZJG BARR 270KG,,,,,18476,141090,54351,65192,73705,44829,21009,34567,67328,56808,56808,55756,66276,43132,55756,56808,,22092,22092,37872
B,B  305 CN WHIT 19 ZJG  270KG BAR,,,,,,1101,1010,1080,2130,,,,2214,1107,1107,,1107,1107,1107,1107,,1107,1107,1107
B,B  305 CN BLACK 05 ZJG 270KG BAR,"9,900","6,611","14,198",10856,9832,5535,18845,22042,14505,6602,19061,7746,21033,8856,8856,6642,7749,8856,7749,8856,8856,8856,9963,8856
B,B  305 CN GREY S1 ZJG 270KG BAR,,,,,,,,,,,,,1107,,1107,,,1107,,,1107,,,1107
B,B  305 CN GREY S3 ZJG  270KG BAR,,"4,395","2,240",,3418,2360,1010,,4557,6802,8748,,3321,2214,2214,2214,2214,1107,2214,2214,2214,2214,2214,3321
B,B  305 CN GREY S4 ZJG  270KG BAR,"2,200","6,606","1,070",1020,1250,2350,7990,1040,,,8828,,3321,2214,2214,1107,1107,1107,2214,2214,1107,2214,2214,1107
B,B  305 CN BRON S2 ZJG  270KG BAR,,"1,101",,3280,,,,2204,1111,,4385,,3321,1107,,1107,,1107,,1107,,1107,1107,
A,A 23890  WHIT S7 BARR 270KG,"1,185","2,124",,5497,,1070,,5357,,3213,5316,,2070,16560,2070,2070,1035,1035,1035,3105,2070,2070,2070,2070
A,A 23890  BLAC 01 BARR 270KG,,,,,,,,1240,,,,,,,,,,,,,,,,
A,A 23090  TRAN S1 210KG DRUM ST,,"6,848","22,258",28227,25898,7454,17104,33886,11154,13988,,2211,67500,11250,18750,10500,15750,10500,19500,17250,9000,14250,16500,13500
A,A 20470 GREY S1 BARR 270KG,,,,,1020,1028,2028,4133,,1016,,,2104,,1052,1052,1052,1052,1052,1052,1052,1052,,
A,A 9890 BLAC S1 DRUM 210 KG WZJG,,,,,,,,,,,,,,,,1406,,,,703,,,,
A,A 5754.6 WHIT S8 270KG DRUM ST,,,,,,,,11752,,,,,1000,,1000,1000,,,1000,2000,2000,1000,1000,1000
A,A 14030 TRAN S1F CART 280 W?MEACTRA,,,,,,,,,,,,,165,,165,,,165,,,165,,165,
A,A 20240 TRAN S1 CART 300 W?MENEUTRA,,691,,,,,,691,382,655,346,,1346,288,439,648,662,670,648,670,648,655,511,288
A,A 20240 WHIT S1 KART 300 W?MENEUBLAN,,349,,,,,,349,385,662,378,,182,,182,320,356,371,349,364,356,356,247,182
A,A 20240 BLAC S1 KART 300 W?MENEUNEGR,,,,,,,,,349,378,,,604,225,182,218,233,247,233,247,233,240,196,182
A,A 20700 WHIT S1 CART 300 SIKAMPWHIT,,,,,,,,,,,,,518,345,191,,235,529,845,962,591,327,,
A,A 20700 TRAN S1 CART 300 SIKAMPTRAN,,,,,,,,,,,,,516,345,193,,236,527,844,964,589,331,,
A,A 20470 Grey 93 ZJG BARR 270 KG,,"1,015",,1030,2041,,,,,1000,,2197,1042,1042,,2084,,,1042,1042,,,,1042
A,A 5754.6 BLAC 06 270KG DRUM ST,,"4,170","7,016",17551,12273,13130,4095,17436,12323,9490,6033,,6120,3060,6120,6120,6120,9180,9180,8160,8160,8160,11220,9180
B,B  305 CN GREY S6 ZJG 270 KG BAR,,"2,408","2,183",1090,3256,2146,2160,,2160,,1060,,2214,2214,1107,1107,2214,1107,1107,1107,2214,1107,2214,2214
A,A 14030 TRAN S1F 200KG DRUM ST,"233,600","27,200",,13601,54400,,88800,122400,81600,,,,26400,40800,204000,114800,133400,136200,130400,136400,130200,44600,43600,53600
A,A 13800 TRAN S1 200KG DRUM ST,"122,400",,,800,149600,,,95200,47800,,,5200,68000,136000,173400,81600,,,,94000,,,,
A,A 11040 TRAN S1 200KG DRUM ST,"100,800","24,800","129,600",,104600,190800,,259600,374400,50400,,14402,213800,3000,79600,70400,75000,103200,128000,245000,60000,159400,173000,149600
A,A 20242.3 Tran S1 200KG DRUM ST,"28,124",,"54,879",10491,8459,55754,63455,25257,41864,1528,5297,73867,66963,38372,39877,23324,23324,36867,21067,33858,34610,33105,35362,29343
A,A 20256.1 Tran S1 195KG DRUM ST,,,,,,,,,,,,,,,,,,,,,,748,748,
A,A 20470 WHIT S7 SAUS 600 WLOS WZJG,,,518,,1037,,518,,1037,1161,,,518,,518,518,,518,,518,518,,,
A,A 20470 BLAC 06 SAUS 600 WLOS WZJG,,"1,059","1,068",3650,1555,3297,518,4925,6781,6843,,,2157,2592,2675,2354,2053,2312,2592,2675,2592,1597,518,1286
A,A 20470 GREY 93 CART 300 WLOS WZJG,,,,,1006,,,,,,,,259,259,259,259,,259,259,259,259,,,259
A,A 5754.6 GREY S1 270KG DRUM ST,"8,368",,,5176,,,,19878,,,,,,,,4080,,,,8160,8160,1020,3060,4080
A,A 20470 BRAU 73 270KG DRUM ZJG,"1,043","1,067",,,,,,,,,,,,1083,,,1083,,,1083,,,,
C,C 70 CN WHIT G13 DRUM 270KG,"10,072","4,284","5,421",8457,3410,5222,7498,5548,,10971,,7717,6582,5485,7679,7679,6582,8776,5485,6582,7679,5485,5485,4388
A,A 20258.4 TRAN S1 195KG DRUM ST,,,"33,454",22560,9111,18152,22450,30195,11177,33684,7505,8990,38454,24882,23374,16588,26390,15834,16588,13572,8294,18850,21112,18096
A,A 20700 GREY S7 200KG DRUM ST,,"1,480","2,264",735,1460,775,2982,3932,5460,,2972,,2238,2238,2238,2238,2238,2238,1492,2238,2984,2238,2238,2238
A,A 5754.6 BRON 18 270KG DRUM ST,,,,,,,,8128,,,,,,,,,,,,,,1027,,
A,A 13800 GREY S3 200KG DRUM ST,,,,880,,,2350,,,,,,,765,765,,765,,765,765,,,,
A,A 11040 BLAC S1 200KG DRUM ST,,"14,400","28,800",,22400,,,,28800,,,,,21600,7200,6400,8000,9600,12800,14400,15200,15200,16800,14400
A,A 11040 WHIT S1 200KG DRUM ST,,"14,400",,,22400,15200,800,28800,57600,,,,29000,,7000,8000,8800,12800,15200,18400,17600,19200,20800,17600
A,A 11040 ALUM 04 200KG DRUM ST,,,"14,400",,14400,,,,14400,,,,14400,,4000,4000,4000,6400,7200,8000,8800,8800,10400,8000
A,A 13800 BLAC S1 200KG DRUM ST,"27,400",200,,7200,,3600,10600,6400,,,,2800,28800,32000,,12200,16600,17000,16400,17000,16200,6000,1200,800
A,A 13800 WHIT S1 200KG DRUM ST,"13,600",200,,9000,4200,13000,10400,27400,,,800,4800,50400,28400,18200,16600,16600,17000,16400,17000,16400,5200,,
A,A 13800 ALUM 03 200KG DRUM ST,,,,,,,,,,,,,,,,7600,16600,17000,16400,17000,16400,9000,,
A,A 14030 WHIT S1F 200KG DRUM ST,"28,000",,,,21600,6400,21205,119200,,,1600,,47000,55000,,,,,,,,,,
A,A 20242.3 GREY 96 200KG DRUM ST,"17,095",,"7,476",19809,26374,3129,,22055,28852,23556,,6038,41239,19092,20619,12219,11455,17565,11455,16037,17565,16801,17565,14510
A,A 16100 TRAN S1 210KG DRUM ST,,"2,613",,2967,13562,5086,18400,1537,3898,11253,3105,3056,5250,5250,,10500,3000,2250,1500,1500,3000,1500,5250,4500
A,A 11500 BLAC S1 CN 200KG DRUM ST,,,,,,,,,,,,,,5180,,,,,,,,,,
A,A 11500 WHIT S1 CN 200KG DRUM ST,,,,,,,,,,,,,,736,,736,,,,736,,,736,
A,A 14030 BLAC S1F 200KG DRUM ST,"1,800",,,,,,2400,15200,,,,,6400,4800,800,,,,,,,,,1600
A,A 9890 TRAN S1 210KG DRUM ST,,,,98917,,,98742,,74408,49188,824,24622,95900,5600,156100,,,,,127400,,,15400,34300
A,A 20242.3 BROW 77 200KG DRUM ST,"3,490",,"2,300",,2475,2348,,3158,5970,3161,,2400,1520,2280,3040,2280,1520,760,2280,760,1520,2280,1520,1520
A,A 20242.3 WHIT S1 200KG DRUM ST,"6,424",,"8,305",11626,3921,17638,,8400,7565,,,9860,9164,7637,7637,5346,4582,6873,4582,6873,6873,6109,7637,5346
A,A 20242.3 BLAC S1 200KG DRUM ST,"5,635",,"4,576",12129,6180,15051,892,10620,2990,8023,,,16635,7562,8318,5293,5293,6805,5293,6049,6805,6805,7562,6049
A,A 11500 TRAN S1 200KG DRUM ST,,,,,,,,,,,,,2900,1450,1450,725,1450,1450,1450,725,1450,1450,725,1450
A,A 20242.3 ALUM S1 200KG DRUM ST,"3,863",,,,,,,,,,,4283,2280,,760,,760,,760,,760,,760,
A,A 5754.6 GREY S1 SAUS 600 WLCS WZJG,,,,1028,,,,,,,,,504,,,,,,,,504,,,
A,A 5754.6 BLAC 06 SAUS 600 WLCS WZJG,"1,068",514,"2,893",9899,685,504,10221,2520,9132,3740,2318,,504,1230,2006,2651,2288,3659,4566,2520,2712,3427,4213,3830
A,A 20700 YELLOW 09 200KG DRUM ST,,"1,476","1,485",2220,2220,794,2510,742,2965,710,3081,753,1500,1500,2250,1500,1500,1500,1500,1500,2250,1500,2250,1500
A,A 20700 YELLOW 09 CART 300 WLGM WZJG,,"1,469","1,469",2174,1998,,3143,727,1322,2269,1351,2284,1439,1557,1557,1557,1550,1557,1770,1557,1946,1939,1777,1770
A,A 13800 TRAN S1 CART280 WLGPTR INDIA ZJG,,,,,,,,,,,,,3548,14465,2668,2791,2771,2688,2805,2688,2881,2805,2145,1767
A,A 13800 WHIT S1 CART280 WLGPWH INDIA ZJG,,,,,,,,,,,,,1897,7257,1413,1482,1475,1433,1482,1420,1544,1496,1219,1198
A,A 13800 BLAC S1 CART280 WLGPBL INDIA ZJG,,,,,,,,,,,,,2327,9743,1752,1828,1821,1759,1842,1773,1877,1835,1309,1046
A,A 9890 TRAN S1 CART 300 WL121 WZJG,"4,012","16,323","34,299",18065,25237,32260,30317,22337,26290,54337,40417,10479,30391,26371,30220,22248,23805,30509,22270,27098,32223,19571,13853,23012
A,A 9890 BLACK S1 CART 300 WL121 WZJG,,"3,317","4,366",5878,4276,3347,3564,5257,7608,6327,7503,,5953,4388,5039,3722,3931,5114,3751,4493,5399,3295,2336,3871
A,A 5754.6 BLAC 06 CART 300 WLCS WZJG,514,"1,261",625,5111,3548,1704,2076,2349,4697,1824,2087,,948,907,1200,1653,1482,2369,2974,1603,1754,2218,2974,2228
A,A 5754.6 WHIT S8 CART 300 WLCS WZJG,,,,,,,,1058,,,,,252,,,,,252,,,252,,,252
A,A 13800 TRAN S1 CART 300 WLGP WZJG,,"6,731","11,706",7706,11791,15559,9737,15312,,27017,17421,7825,5715,7007,15417,12990,20237,24541,23461,24541,23454,15940,12983,11219
A,A 13800 WHIT S1 CART 300 WLGP WZJG,912,"5,018","3,193",1896,3650,6037,2737,2103,1983,10635,5182,1369,1148,4548,5218,4655,5952,8518,8297,8561,8297,6330,4027,3507
A,A 13800 ALUM 13 CART 300 WLGP WZJG,,,,,,,,456,,,485,,,178,178,,178,178,178,178,178,178,178,
A,A 13800 BLAC S1 CART 300 WLGP WZJG,"3,101","3,200","4,633",6679,2516,6394,4940,4562,748,1860,5018,1825,1312,4027,4512,4263,5396,7484,7263,7484,7263,5717,4027,3372
A,A 11270 TRAN S1 CART 300 WL131TRAN WZJG,"5,464","22,061","38,248",34106,33878,39819,37778,42228,53861,63871,61763,20005,49183,36999,37087,30955,30955,39041,36786,40010,37858,25418,20424,30970
A,A 11270 BLAC S1 CART 300 WL131BLACK WZJG,,"4,294","5,213",3315,3990,2581,3589,9492,4390,6964,8121,2952,6875,4272,4190,3352,3397,4294,4190,4242,4190,2759,2247,3404
A,A 16100 TRAN S1 CART 300 WL400TRAN ZJG,,839,,,1023,,,,1,,823,,,,185,489,282,326,,,,185,185,185
A,A 20700 TRAN S1 CART 300 WLGM WZJG,,,"10,981",15351,14042,9977,17889,9955,23794,37553,11913,,11083,14042,14689,14042,14362,14849,14108,17198,17555,15686,15671,13555
A,A 20700 WHITE S1 CART 300 WLGM WZJG,,"3,995","18,007",14996,8035,12015,25528,15584,19946,36000,20842,5963,4517,16458,16957,16451,16708,17141,16671,18903,20571,19183,18030,16216
A,A 20700 BLACK S1 CART 300 WLGM WZJG,588,235,"1,542",4149,2607,2607,7080,4237,1799,4884,2592,1564,4708,3444,3547,3437,3496,3408,3283,3958,4304,3841,3356,3040
A,A 20700 GREY S7  CART 300 WLGM WZJG,,"1,461","2,262",727,1204,955,2600,2181,4296,2563,2357,580,2166,2166,2166,2166,2166,2166,1880,2181,2732,2732,1931,1939
A,A 20930 TRAN S1F CART 300 WLSN WZJG,,"5,839","12,268",7505,12254,4807,17082,15126,10319,29946,11541,9308,21409,12101,13031,9308,10239,12101,9308,9308,9308,10239,12101,10239
A,A 20930 WHITE S1F CART 300 WLSN WZJG,,"7,689","18,867",12426,8607,9613,18279,13403,14321,17222,29310,11324,22561,14100,15041,13160,12220,14100,12220,11280,10340,12220,14100,13160
A,A 11500 TRAN S1 CART 300 WL130TRAN WZJG,,404,,991,,,492,573,1770,977,,,705,235,654,470,353,654,470,360,632,749,800,690
A,A 11500 BLAC S1 CART 300 WL130BLACK WZJG,330,,,,397,,1094,,,,,771,764,184,184,184,,184,184,184,184,198,272,242
A,A 20240 TRAN S1 CART 300 WLCSTRAN,"1,433",,979,,922,1382,2736,799,1570,1382,,1390,2124,1267,1404,1361,1382,2124,2124,1274,2124,1721,864,785
A,A 20258.4 TRAN S1 CART 300 WLOSSEMI WZJG,"3,862","12,459","24,884",13472,9757,9177,24912,16594,12536,33174,26434,13032,29898,23318,25244,20441,10968,16305,15902,13480,19546,18288,19955,18206
A,A 20470 BLAC 06 CART 300 WLOS WZJG,,,,13427,26688,67610,72327,55303,60456,42778,39336,18766,6625,38082,39834,32804,29849,36703,38082,39834,38082,16278,8823,26791
A,A 20470 WHIT S7 CART 300 WLOS WZJG,,,,31187,27724,67973,42022,46428,34204,42581,51881,19046,27206,38735,40529,33364,30358,37335,38735,40518,38735,16184,8097,24603
A,A 20470 GREY S1 CART 300 WLOS WZJG,,,,,,1016,1939,3992,,,,,467,757,757,767,601,570,767,757,757,767,259,259
A,A 20470 BROW 73 CART 300 WLOS WZJG,985,,,,,,,,,,,,259,,259,,,259,,259,,,,259
A,A 20470 BLAC 06 CART 300 WLWD WZJG,,,,,,,871,,6428,6615,,,1628,1503,1534,1369,1182,1337,1493,1545,1503,881,259,353
A,A 20470 WHIT S7 CART 300 WLWD WZJG,,,,,,,664,,5360,6636,,,1493,1369,1410,1244,1078,1223,1369,1420,1369,809,259,259
A,A 9890 TRAN S1 CART 300 WL121 WZJG SEA,"1,112",,,,,,1112,1112,,803,,,1299,185,,185,185,185,185,185,,185,185,185
A,A 9890 BLACK S1 CART 300 WL121 WZJG SEA,"2,301",,,,374,,2246,1498,,1872,,406,1693,314,329,307,322,329,314,322,314,322,337,300
A,A 20242.3 ANTH16 200KG DRUM ST,"15,257",,,,,,,,,,,4554,4514,1505,2257,752,1505,1505,1505,1505,1505,1505,1505,1505
A,A 20242.3 ANTH15 200KG DRUM ST,,,,,,,,,,,,3036,3070,,,,,,,,,,,
A,A N9111 CN GREY S1 270KG DRUM ST,,,,,,940,,,,,,,,998,,,,,,998,,,,
A,A N9111 CN WHITE S1 270KGDRUN ST,,,"5,142",910,930,3043,2978,3009,2054,8779,1050,8091,3992,2992,2992,3990,2992,3990,3990,3990,2992,4987,2992,2992
D,D XTURE,"5,200","24,993","1,000",1600,11475,4000,5200,5000,3200,13000,2600,800,,,,,,,,,,,,
A,A Y 99 270KG DRUM ST,,,,,,,,,1928,,,,927,,,927,,,,927,927,,927,
E,E  CN BLAC 05 CART 300 SIKNM,,,,,,,,,,,,526,263,,263,,,,263,,,263,,
E,E  CN BLAC 05 CART 300 SIKZH,,,,,1577,,,526,526,526,,,438,296,296,285,263,263,263,263,263,263,329,329
E,E  CN BRON S2 CART 300 SIKZH,,"1,029",,,,,,2146,,,4249,,2190,274,263,263,263,263,263,263,,263,263,307
E,E  CN GREY S1 CART 300 SIKNM,,,,,,,,,,,,,263,,,263,,,263,,,,263,
E,E  CN GREY S3 CART 300 SIKZH,,526,"1,073",,1051,2332,350,,,1599,,,580,668,635,657,569,394,602,657,591,624,734,723
E,E  CN GREY S4 CART 300 SIKZH,,"6,450","1,029",526,1051,2070,7764,,975,,5749,2639,2190,1653,1522,1643,1292,690,1413,1653,1380,1511,1851,1862
E,E  CN WHIT 19 CART 300 SIKNM,,,,,,,526,1478,,,,504,482,329,361,329,339,350,339,296,274,329,350,318
E,E  CN BLAC 05 SAUS 600 SIKHY,"9,689","5,712","6,868",5449,2838,8480,11248,20078,8462,4958,5606,4257,10197,5712,6062,5519,5063,5554,5747,5799,5589,6062,6640,5729
E,E  CN BRON S2 SAUS 600 SIKHY,,,,,2856,,,,,1174,,,578,385,420,368,263,263,385,403,368,420,508,456
E,E  CN GREY S6 SAUS 600 SIKHY,,,"1,069",,1437,1524,,1051,,,,,771,578,596,543,438,456,561,543,508,596,683,613
E,E  CN WHIT 19 SAUS 600 SIKHY,,,,,,,,,,,,,648,420,438,420,438,438,420,438,420,438,456,403
E,E  CN GREY S1 SAUS 600 SIKHY,,,,,,,,,,,,,368,298,298,280,263,280,280,298,298,298,315,298
A,A 11500 BLAC S1 200KG DRUM ST,"16,802","12,000",,16002,16000,,24800,,32000,,3000,,11200,84800,25600,25600,12000,12800,60000,29600,35200,60800,12000,12000
A,A 11500 WHIT S1 200KG DRUM ST,,,,,,12600,19800,,7200,,2800,,5600,5600,4800,4800,3200,2400,5600,4000,4000,4800,4800,4000
A,A 13800 TRAN S1 200KG DRM 567 ST,,,,,,,,,,,,,,,,,,,,,,4400,5000,4200
A,A 13800 BLAC S1 200KG DRUM 567 ST,,,,,,,,,,,,,,,,,,,,,,1200,2400,2200
A,A 13800 WHIT S1 200KG DRUM 567 ST,,,,,,,,,,,,,,,,,,,,,,6400,7600,6400
A,A 13800 ALUM 03 200KG DRUM 567 ST,,,,,,,,,,,,,,,,,,,,,,,2400,2400
A,A 13800 ALUM 13 CART 250 WLAS SEA ZJG,,,,294,588,,294,294,882,,,,147,147,178,190,190,190,190,190,190,190,202,178
A,A 13800 BLAC S1 CART 250 WLAS SEA ZJG,296,,296,296,296,296,593,,593,,,,204,284,296,284,290,296,284,290,284,290,309,272
A,A 13800 TRAN S1 CART 250 WLAS SEA ZJG,,,886,295,295,886,886,,2066,,,,357,492,517,492,504,517,492,517,492,504,541,467
A,A 13800 WHIT S1 CART 250 WLAS SEA ZJG,,,593,296,593,889,296,593,296,889,,,364,500,525,500,513,525,500,525,500,513,550,475
A,A 11270 TRAN S1 ZJG BARR 200KG,,,400,,91440,188200,43600,28800,106000,58880,110400,,222418,109272,87351,73373,67334,72899,72623,139293,7989,62419,63326,70125
A,A 11040 BRON S4 200KG DRUM ST,,"4,000",,,,,,,14400,,,,,3200,1400,1400,1200,1400,1800,2400,2800,2600,2800,2800
A,A 11270 WHIT S1 ZJG BARR 200KG,,,"10,400",,,6000,8400,,19200,,,,28800,6611,6611,7438,3306,6924,9664,3777,8626,8509,9160,9160
A,A 11270 BLAC S1 ZJG BARR 200KG,,,"74,400",28800,44800,,4400,,9200,,4800,,53436,39282,26445,20346,12440,16334,15524,13847,19930,21476,19717,17897
A,A 20700 GREY 100 200KG DRUM,742,,745,734,,769,,3103,905,,,853,746,746,746,746,746,746,746,,1492,746,746,746
A,A 11500 GREY S7 CN 200KG DRUM ST,,,,,,,,,,1956,,,,,,,,,,,,,,
A,A 20470 BLAC 06 CART 300 W?ANMATBL 062,,,,,,,,601,,,,,332,259,259,259,259,259,259,,259,259,259,259
A,A 20240 TRAN S1 CART 300 W?ANWNEUCL 062,"4,493","2,419",691,5515,5551,2081,7538,3802,4186,7668,4522,6437,4147,2074,4838,4838,4147,4838,4147,4838,4147,4838,4838,4147
A,A 20240 WHIT S1 CART 300 W?ANNEUWH 062,,"2,765",,1994,1555,1584,1382,749,1037,3833,691,576,2419,2074,1728,1382,1382,1382,1382,2074,1382,1382,1382,1382
A,A 20240 GREY S2 CART 300 W?ANNEUGR 062,,"1,246",,1037,281,346,1102,,281,1800,,374,1037,1037,691,,691,691,691,691,691,691,691,691
A,A 14030 TRAN S1F CART 280 W?ANACFUCL 062,317,508,,601,634,,693,257,634,389,1267,634,317,449,535,521,528,535,515,541,515,528,554,502
A,A 14030 BLAC S1F CART 280 W?ANACFUBL 062,319,,,,,319,,,392,,412,419,166,166,,166,,166,,166,,166,,166
A,A 14030 WHIT S1F CART 280 W?ANACFUWH 062,,691,588,,390,246,657,328,328,438,1204,657,657,192,417,404,410,417,410,417,404,410,431,390
A,A 14030 GREY S2F CART 280 W?ANACFUGR 062,,,,,,,,,,,,,166,,,,166,,,,,166,,
A,A 20240 BLAC S1 KART 300 W?ANNEUBL 062,,,,684,778,269,698,,349,385,349,415,531,531,502,509,516,524,509,524,509,516,545,487
A,#VALUE!,,,940,,956,,2082,956,,3327,,,3043,1017,,,2035,1017,1017,1017,1017,1017,1017,1017
A,A 20700 GREY 100 CART 300 WLGM WZJG,734,,749,,712,,756,2592,,984,,573,632,683,683,683,683,676,705,683,852,852,705,705
A,A 11155 TRAN S1 200KG DRUM,"149,600","27,200",,106401,177200,175200,358401,417201,484600,,28920,281600,344253,264855,271099,223024,165563,227373,266345,321875,86499,365927,174113,157934
A,A 13800 RED 29 200KG DRUM ST,,,,,,,13418,,,,,,1514,1514,1514,757,1514,1514,757,1514,1514,,,
A,A 18400 TRAN S1 200KG DRUM ST,,"2,332","4,550",6790,8231,9543,16385,17765,8519,,6180,8801,53856,33660,23936,25432,10472,39644,29920,10472,,29920,11968,11220
A,A 13800 TRAN S1 200KG DRUM ST INTERNAL,"388,800","43,200",,57601,187200,,115200,173200,101400,97600,152000,216000,196600,179200,151000,123000,158000,236000,176400,195800,18800,145200,145400,128200
A,A 11155 WHIT S1 200KG DRUM ST,"27,200",,"3,200",,5600,23000,23030,21000,16000,,,11600,114000,18145,18175,18175,13010,11460,20758,16383,19163,21943,13024,13024
A,A 11155 BLAC S1 200KG DRUM ST,"2,400",,,3000,8200,1800,,3200,21400,,,,22611,13816,13816,13816,8290,6632,16579,10817,13521,16225,7550,7550
A,A 18400 WHIT S1 200KG DRUM ST,870,"2,355",,855,827,,760,,,,,,3040,1520,760,1520,760,760,2280,,1520,1520,760,760
A,A 18400 BLACK S1 200KG DRUM ST,,,,,,,,,,,,,760,,,,,,,,,,,
A,A 18400 GREY S7 200KG DRUM ST,,,,,,,,,,,,,760,,,,,,,,,,,
A,A 20251.5 TRAN S1 195KG DRUM ST,,,,129283,194976,42812,33580,51266,19799,30721,29394,33322,19110,48510,48510,44100,62475,31605,55860,43365,1470,47775,54390,49245
A,A 20242.3 YELL 13 200KG DRUM ST,"6,086",,,,,,,,,,,3814,3070,767,767,767,767,,767,,767,767,767,767
A,A 18400 BLAC S1 CART 280 3MPERU440BLAC,,,,,,,,,,,,,165,,,,,,,,,,,
A,A 18400 GREY S7 CART 280 3MPERU440GREY,,,,,,,,,,,,,165,,,,,,,,,,,
A,A 14030 GREY S7F 200KG DRUM ST,,,,,,1800,,,1530,,,,,,,,,,,,,,,400
A,A 20251.5 WHIT S1 195KG DRUM ST,,"1,622",,1443,6089,790,751,3688,5880,,,,2238,1492,2238,1492,1492,1492,1492,1492,1492,1492,1492,2238
A,A 20251.5 BLAC S1 195KG DRUM ST,,,,4367,733,,,,,720,,,739,739,,739,739,,739,,739,739,739,
A,A 20251.5 GREY S2 195KG DRUM ST,,,,,4473,,,3666,4409,1443,,,,,,742,,742,742,,742,742,742,742
A,A 20251.5 ALUM S1 195KG DRUM ST,,,747,,,,,,731,,,712,742,,,,,742,,,,742,,
A,#VALUE!,,"1,166","1,199",630,1709,690,,950,3901,1326,1140,1169,600,600,1200,1200,1200,1800,1200,1800,1800,1200,1800,1800
E,#VALUE!,,526,,,526,1051,,,,526,,,263,263,263,263,263,263,263,263,263,263,,263
E,#VALUE!,,"1,102",,398,757,405,398,750,375,,734,405,298,291,291,291,298,291,291,291,298,291,291,291
A,A 11155 BLAC S1 CART 280 WLPA SEA ZJG,"3,600","1,080",,,5040,1808,,3600,1800,1080,1155,,1260,1335,1328,1335,1335,1328,1335,1335,1328,1335,1335,1328
A,A 11155 TRAN S1 CART 280 WLPA SEA ZJG,"6,855","1,080",,,14040,6120,,11880,6120,1440,1080,,4140,4133,4140,4133,4133,4140,4133,4133,4140,4133,4133,4140
A,A 11155 WHIT S1 CART 280 WLPA SEA ZJG,"2,520",720,,2205,3915,2880,,7560,,2880,,,1500,1500,1500,1493,1500,1500,1493,1500,1500,1500,1493,1500
A,A 11155 TRAN S1 CART 300 WL138TRAN WZJG,,453,453,,1,,453,,,,,,177,177,177,177,177,177,177,177,177,177,177,
A,A N2014 CN WHITE S1 200kg Drum,573,,,,,,,,667,670,,,,,,,,,600,600,600,,,
E,E  CN GREY S6 CART 300 SIKZH,"1,051",,"1,073",,,1007,,1051,,1577,1051,,526,690,635,690,537,285,602,690,569,635,777,777
A,A 11040 TRAN S1 SEA 200KG DRUM ST,"27,200",,,600,,1200,400,17200,,,,800,15200,,7400,10200,10200,10200,10200,6800,6800,3400,15400,15200
A,A 11040 WHIT S1 SEA 200KG DRUM ST,,,600,,2325,,,20200,,,,,12400,400,10200,10200,10200,10200,10200,6800,6800,3400,4600,4600
A,A 11040 BLAC S1 SEA 200KG DRUM ST,,,,24400,,,,16400,,,,,12000,1600,10200,10200,10200,10200,10200,6800,6800,3400,7600,7600
A,A 13800 ALUM 13 CART 280 WLGPAL SEA ZJG,"2,327",,"2,327",4321,3656,9307,2327,5318,1662,,,,2659,568,3227,3227,3227,3220,3227,3227,3227,3220,3227,3227
A,A 13800 BEIG S1 CART 280 WLGP SEA ZJG,,,,,,,,,,,332,,166,,,166,,,,,,,166,
A,A 13800 BLAC S1 CART 280 WLGPBL SEA ZJG,"5,318",,"4,654",22271,11634,3989,15955,5651,4321,2659,,10304,3324,3643,9328,9328,9328,9328,9328,9328,9328,9328,9335,9328
A,A 13800 BRON S1 CART 280 WLGPBR SEA ZJG,"38,558","2,659","1,330",,997,,997,,19944,9972,,3989,3573,5997,6066,6059,6066,6059,6059,6066,6059,6066,6059,6059
A,A 13800 GREY S3 CART 280 WLGPAG SEA ZJG,"3,324",,,,1662,,,,665,,1330,,215,970,970,963,970,970,970,963,970,970,963,970
A,A 13800 TRAN S1 CART 280 WLGPTR SEA ZJG,"32,340","3,383","12,224",29040,53797,9900,19470,32979,10230,16500,,10890,12210,10766,24454,24454,24454,24454,24461,24454,24454,24454,24454,24454
A,A 13800 WHIT S1 CART 280 WLGPWH SEA ZJG,"39,223","3,989","12,680",25546,22603,24930,12631,32575,19279,17950,,12631,9307,19605,22610,22610,22610,22610,22610,22610,22610,22610,22610,22610
F,F PASTE FN55 ZJG,,650,,,1920,,,,1933,,,,2600,800,600,800,600,600,600,600,400,400,400,400
A,A 20930 TRAN S1F CART 300 WLKB WZJG,,931,"1,934",,1971,931,1396,1563,,924,1963,1862,480,1164,1164,1171,807,996,1127,756,873,793,1025,1025
A,A 20930 WHITE S1F CART 300 WLKB WZJG,,940,"1,058",1013,1410,2827,1880,1880,,1410,2614,1410,1924,1498,1491,1491,1036,1263,1447,962,1102,1013,1307,1307
A,A 20470 BLAC 06 ZJG BARR 270KG Inner,,,,,,,,,,,,,6312,,,,,,,,,,,
A,A 9890 TRAN S1 210KG DRUM ST Inner,,,,,,,,,,,,,15400,,,,,,,,,,,
A,A 20251.5 BLAC S1 CART 300 WLOS WZJG,,,,,1013,,,,,538,,,182,203,210,223,175,,175,175,,175,175,
A,A 20251.5 WHIT S1 CART 300 WLOS WZJG,,936,,1453,2675,950,922,,1774,1292,,,1592,1208,1306,1348,957,510,1292,629,1083,1194,1006,1013
A,A 16330 TRAN S1 210KG DRUM ST,,942,728,686,3023,805,1425,2387,,,2482,1637,755,2265,1510,755,2265,,755,1510,1510,755,755,755
A,A 16330 WHIT S1 210KG DRUM ST,,"1,675",795,780,2225,1549,730,2279,840,2245,1643,1641,750,2250,3750,750,2250,750,750,2250,1500,750,1500,750
A,A 20930 WHIT S1 CART 300 SIKACWHIT,290,355,"1,076",,,1392,3173,3547,1036,397,2820,727,1605,1575,1572,907,903,1127,2166,2567,2244,2244,1091,1091
A,A N S1 CART 300 SIKAMPTRAN,,"1,782",,,,545,400,1025,,1745,,,,,,,,,,,,,,
A,A 20700 WHIT S1 CART 300 SIKAMPWHIT,,"1,793",,,,487,738,1407,,1753,349,,,,,,,,,,,,,
A,A 20930 TRAN S1 CART 300 SIKACTRAN,273,382,"1,091",,,305,2094,698,1414,574,2582,1047,898,884,884,596,596,629,1138,1516,1258,1258,611,614
A,A 11500 TRAN S1 CN 200 KG DRUM ST,"14,400",,"14,402",,400,,51200,3200,24000,,7200,4800,13600,10400,11200,8000,5600,7200,8800,8000,8800,10400,9600,8800
B,B 305 CN GREY S6 SAUS 600 C9004,,,"2,102",,2593,,,,,,,,420,385,350,368,298,263,263,350,315,350,420,438
B,B 305 CN GREY S3 SAUS 600 C9004,,,"5,554",,1402,,946,,2628,5974,4503,4222,1840,1734,1594,1734,1349,736,1489,1734,1437,1594,1962,1945
B,B 300 CN TRAN S1 SAUS 600 C9004,979,453,526,1004,,,477,1469,,1995,490,2044,979,588,600,673,514,269,575,661,551,612,747,747
A,A 11155 TRAN S1 CART280 WLPA VIETNAM ZJG,"9,360",,"5,843",,,4320,,2160,5423,26640,37800,,12600,3615,3615,3608,3615,3608,3615,3608,3615,3608,3615,3608
A,A 11155 WHIT S1 CART280 WLPA VIETNAM ZJG,"1,440",,,3600,,5040,,1800,,11160,10815,,4320,1440,1455,1448,1455,1448,1455,1455,1448,1455,1448,1455
A,A 11155 BLAC S1 CART 280WLPA VIETNAM ZJG,,,,1470,,1440,,1440,,5400,3240,2235,2160,488,563,563,555,563,563,563,555,563,563,563
A,A 13800 TRAN S1 CART 280 WLGPTR ANH ZJG,"2,970",,,,,,,,6600,,,,,646,646,646,646,646,639,646,646,646,646,646
B,B 305 CN WHIT 19 SAUS 600 C9004,,,,,,,,,1489,,,,263,263,,,263,,,263,,263,,263
B,B 305 CN GRAY S4 SLBL 600 C9004,"2,698",,,,,,,,,,,,263,263,263,263,263,,263,263,,263,263,263
B,B 305 CN BLAC 05 SAUS 600 C9004,,,"4,906",4906,,,4450,1542,5238,,10092,2821,2926,2102,1927,2102,1647,876,1805,2102,1752,1927,2365,2365
A,A 20251.5 ALUM S1 CART 300 WLOS WZJG,,,,,,,,,705,,,538,622,,175,175,,,175,,,175,,175
A,A 20251.5 TRAN S1 CART 300 WLOS WZJG,,"7,221","11,524",15267,15316,7766,28837,18913,16203,23815,18989,18340,8430,21643,23375,24241,16063,8562,21713,10490,18242,19981,16957,16950
A,A 16330 TRAN S1  CART 300 SIKA ES TRAN,,415,"1,049",,423,349,1431,356,990,,797,356,680,848,480,407,381,436,890,690,467,489,530,458
A,A 16330 WHIT S1 CART 300 SIKAES WHIT,,323,"1,164",297,745,356,1046,1439,400,,1068,712,554,415,1370,220,648,390,593,1368,593,593,613,613
A,A 20251.5 TRAN S1 CART 300 WLWD WZJG,,,,,,,545,,,,,,175,175,,175,175,,,175,,175,,175
B,B 305 CN BLAC 05 CART 300 C9004,,,"1,621",,,,767,777,,,,1402,296,263,263,263,263,263,263,263,,263,263,307
A,A 13800 TRAN S1 CART 280 Araldite  INDIA,"2,534",,,,,,,,,8554,,,,779,779,779,779,772,779,779,779,779,772,779
A,A 13800 WHIT S1 CART 280 Araldite  INDIA,"3,510",,,,,,,,,,,,,1024,1017,1017,1017,1017,1017,1017,1017,1017,1017,1017
A,A 13800 BLAC S1 CART 280 Araldite  INDIA,"2,553",,,,,,,,,,,,,1010,1010,1010,1010,1004,1010,1010,1010,1004,1010,1010
A,A 20700 RED 31 U CN 200KG DRUM ST,,,,,,,793,,,,1473,,739,,,,739,,,,,739,,
A,A 14030 TRAN S1F CART 280 W?CHIACTRA 710,"5,386",,,,,2851,4118,5386,,,,,1947,1947,1947,1947,1947,323,455,462,462,449,449,442
A,A 20700 RED 31  CART 300 WLGM WZJG,,,,,,,771,,,,683,727,184,184,184,184,184,184,,184,184,184,184,184
A,A 14030 WHIT S1F CART 280 W?CHIACBLAN710,"4,787",,,,,2872,3191,4467,,,,,1629,1629,1629,1629,1629,392,392,386,392,379,386,379
A,A 14030 BLAC S1F CART 280 W?CHIACNERG710,"1,655",,,,,,319,319,,,,,199,259,259,259,259,166,,166,,,166,
A,A 20240 TRAN S1 CART 300 W?CHINEUTRA 710,,,,,,,,,,,,,180,,1022,180,,,,,,,,
A,A 20240 TRAN S1 CART 300 W?TWNEUCL 035,,346,374,317,396,706,281,,,698,,1728,,,,,,,,,,,691,
A,A 20240 WHIT S1 CART 300 W?TWNEUWH 035,,,,346,,,,,,,,,346,,,,,,,,,,691,
A,A 20240 GREY S2 CART 300 W?TWNEUGR 035,,,,346,,346,,,,346,,,691,,,,,,,,,,,
A,A LAC S1 KART 300 W?TWNEUBL 035,,,,364,,,,,,,,,182,,,,,,,,,,,
A,A 18630 TRAN S1F 200KG DRUM ST,"6,123","3,086","3,734",21494,18543,6735,,28577,62363,,17789,69327,87516,70312,43384,44880,27676,37400,44132,27676,,11968,9724,9724
A,A 18400 TRAN S1 KART 300 WL500SEMI ZJG,,829,967,982,,,1571,,582,,931,945,851,378,393,1360,894,887,1185,793,822,1513,400,400
A,A 18400 WHITE S1 KART 300 WL500 WHITEZJG,,,,728,,,516,,,,,,182,182,,196,196,196,255,182,182,327,182,
A,A N S1 200KG DRUM 567 ST,"158,400","187,800",,158400,144000,187205,,144600,71400,,,,86400,172000,24000,25600,,,74400,21600,,,84800,109600
A,A 11155 TRAN S1 CART280 WLPA WZJG,"1,476","1,375","2,707",4169,872,468,3319,1742,1022,3708,1728,598,1462,2952,2952,2959,2952,2952,2959,2952,2952,2959,1606,1613
A,A 11155 WHIT S1 CART280 WLPA WZJG,,922,922,461,,461,461,,,922,490,,697,614,614,614,614,614,614,614,614,614,342,342
A,A 11155 BLAC S1 CART 280WLPA WZJG,,,922,1083,,,,,,,,,101,252,245,252,252,245,252,252,252,245,158,158
A,A 11500 WHIT S1 200KG DRUM 567 ST,"159,400","42,200",,57600,58543,42400,,57600,43200,,,,144000,72000,24000,25600,12000,12800,49600,21600,25600,50400,41600,42400
A,A 11500 ALUM 03 200KG DRUM 567 ST,"14,400","14,400",,,,14400,,,28800,,,,24000,74400,24800,24800,12800,12000,49600,21600,25600,50400,5600,6400
A,A 5754.6 GREY 103 270KG DRUM ST,,,,1020,,962,,,988,,,,2040,,,,1020,,,,1020,,1020,
A,A 18630 WHIT S1F 200KG DRUM ST,,841,"1,525",13617,10447,,,15306,27674,,6889,24055,45628,35904,20196,20196,11968,12716,15708,11968,,13464,4488,4488
A,A 5754.6 GREY103 SAUS 600 WLCS WZJG,,,,978,,,907,,,927,,,1512,,,,504,504,,504,,504,504,504
A,A 20251.5 TRAN S1 SAUS 600 WLOS WZJG,,,573,,,,,,,,,,559,,,,,,,,,,,
A,A 20378 C WHIT ZJG DR 270 KG,,,,,,,,,,953,,,1005,,1005,,,,1005,,,,,1005
A,A 20470 BLACK S6 SAUS 500 WLOS WZJG,"4,378","6,134","8,253",17251,7690,9288,14430,10454,10267,27288,4320,2362,6221,12413,12658,12658,10123,9490,12643,12658,12658,12643,1670,3456
A,A 20470 WHITE S7 SAUS 500 WLOS WZJG,792,,"1,843",,,749,1325,,2074,691,,1411,,864,893,893,720,691,864,893,878,893,691,
A,A 20251.5 TRANS S1 SAUS 500 WLOS WZJG,,,"2,891",4617,,,,,1348,951,,941,1203,1339,1445,1504,941,495,1271,611,1077,1164,989,999
A,A 20251.5 BLAC S1 SAUS 500 WLOS WZJG,,,572,,,,,,,,,,466,,,,466,,,,,466,,
A,A 20470 GREY 93 SAUS 500 WLOS WZJG,,994,,1008,907,,,,,950,,1570,691,,691,691,,691,,691,691,,,
A,A 20258.4 TRAN S1 SAUS 500 WLOSSEMI WZJG,,,,369,,,553,,951,1319,,,466,466,466,466,466,,466,,466,,466,466
A,A TE S1 210KG DRUM ST,,"2,226",,6098,767,2212,,,,2343,,,,,750,2250,1500,1500,,,,1500,750,
A,A N S1 200KG DRUM ST INTERNAL,806,,,48175,,,7300,,7316,44515,1000,46358,,,,,,,,,,,,
A,A 16100 WHITE S1 CART 300 WL400 ZJG,,"2,188",,3471,971,2284,,,,2254,,,,,749,2188,1535,1958,,,,801,734,734
A,A 20378 C BLAC 05 ZJG DR 270 KG,,,"2,005",1455,,2977,2998,,988,1005,,,1025,2050,1025,,1025,1025,,1025,1025,1025,2050,2050
A,A 5754.6 BLAC 06 SAUS 500 WLCS WZJG,,"3,164","4,032",672,3360,672,3444,4088,,4018,546,798,672,672,966,1218,1904,672,3822,1400,1526,1722,2366,2366
A,A 20378 C WHIT  CART 300 WLGA WZJG,,,403,,,,,,,867,,806,,206,206,69,41,83,83,55,41,109,206,206
A,A 11040 GREY 104 SEA 200KG DRUM ST,"68,000",,,26400,,,,13600,,,,,40800,13600,,,,,10200,6800,6800,3400,19200,19000
A,A 11155 GREY 104 SEA 200KG DRUM ST,"27,200",,,,,,,,,,,,65116,11136,11827,11136,11482,11827,11136,11827,11136,11482,12593,10370
A,A 20378 C BLACK  CART 300 WLGA WZJG,,,897,,,,,,,1048,,847,,98,300,100,68,138,138,92,68,182,343,343
A,A 13800 WHIT S1 CART280 WLGPWH INDIA EAS,332,,,,,665,,332,997,332,997,1330,997,1330,997,665,,,166,409,492,485,492,485
A,A 13800 WHIT S1 CART280 WLGPWH INDIA AUT,997,,,,,2659,2659,,2327,3656,2327,4986,3324,166,762,755,762,762,762,762,762,762,755,762
A,A 13800 TRAN S1 CART280 WLGPTR INDIA NCK,"3,300",,,,,,5610,,,3960,5610,5610,4620,,,,,,743,1822,1829,1829,1829,1829
A,A 13800 WHIT S1 CART280 WLGPWH INDIA NCK,"1,330",,,,,,665,,,332,665,665,332,,,,298,319,325,325,319,325,319,325
A,A 13800 TRAN S1 CART280 WLGPTR INDIA EAS,"7,590",,,,9900,6270,9900,8250,7260,7920,5720,14520,23760,7590,6930,7920,,2317,5514,5507,5507,5507,5507,5507
A,A 13800 TRAN S1 CART280 WLGPTR INDIA AUT,,,,,,5610,5610,,5940,8580,5940,15840,18315,2145,1863,2145,1891,2145,1891,2145,1891,2145,1891,2145
A,A 13800 BLAC S1 CART280 WLGPBL INDIA EAS,"1,994",,,,,2992,,1330,1662,1662,3227,3989,2659,3324,1994,1330,,,,1136,1274,1274,1274,1274
A,A 13800 BLAC S1 CART280 WLGPBL INDIA AUT,"5,318",,,,,1662,1662,1662,,7645,1662,5318,5983,,658,2895,2895,2895,2895,2895,2895,2895,2895,2895
A,A 13800 BLAC S1 CART280 WLGPBL INDIA NCK,"5,318",,,,,,3656,,,5651,3656,3656,4986,,,,2181,2701,2708,2701,2708,2701,2708,2701
A,A 11500 BRON S4 200KG DRUM ST,,,,4000,,,,4000,,,,,,3680,1472,1472,736,736,1472,736,1472,1472,1472,1472
A,A 20378 C BLACK 05 SAUS 600 WLGA WZJG,,,837,,,776,1008,,1008,,,,504,504,504,,,504,,504,,504,504,615
A,A 20378 C WHITE S7 SAUS 500 WLGA WZJG,,,,,,,,,,,,,,,,,672,,,,,,,
A,A 20378 C BLACK 05 SAUS 500 WLGA WZJG,,,658,,1330,2016,1358,,,,,,672,672,672,,672,,672,,672,672,672,941
A,A N2011 CN TRANS 190kg Drum,,,,,,,566,,561,,,,577,577,,,,,,,,,577,
A,A 17940 P TRAN S1 210KG DRUM ST,136,,740,,660,1424,,725,3037,840,1458,1461,1510,1510,755,1510,755,755,,755,755,755,755,755
A,A 14030 TRAN S1F CART 280 W?SIRACTRA 702,,,,,,,,,,,,,317,165,,165,,165,,165,,165,,
A,A 20240 TRAN S1 CART 300 W?SILNEUTRA 702,,,,,,,,,389,,,382,180,,180,,180,,180,,,180,,180
A,A 20240 WHIT S1 KART 300 W?SILNEUBLAN702,,,,,,,,,,,,349,,182,,182,,182,,182,,,182,
A,A 20240 BLAC S1 KART 300 W?SILNEUNEGR702,,,,,393,,305,,698,,,698,,182,182,,182,182,,182,,182,182,
A,A 13800 TRAN S1 CART 280 Sista Mexico,"88,073","74,670",,,,,,7658,54567,,40486,36119,40207,26486,26007,25256,24385,26678,32715,4009,5352,16693,16334,15623
A,A 13800 WHITE S1 CART 280 Sista Mexico,,"24,252",,,,,319,5744,11488,,16274,31591,8563,17857,3710,4541,3477,5279,6203,2234,2699,4401,4215,4148
A,A 13800 BLACK S1 CART 280 Sista Mexico,,"12,445",,,,,8616,,1915,,2872,18189,3364,7526,2287,2460,2234,2633,3258,765,984,2234,1669,1788
A,A 13800 TRANS S1 CART 260 Bosco ME,,"2,072",,,,,,,,888,,,,296,296,296,296,296,296,296,296,,296,296
A,A 13800 WHITE S1 CART 260 Bosco ME,,"4,811",,,,,,,,7216,,,,1203,1203,1203,1203,902,902,1203,902,1203,902,902
A,A 13800 BLACK S1 CART 260 Bosco ME,,"2,105",,,,,,,,902,,,,301,301,301,301,301,301,301,301,301,301,
A,A 16330 TRAN S1 KART 300 WLAF WZJG,,,356,673,1454,,,938,,,858,1469,,1156,1440,574,1309,,,734,654,654,342,342
A,A 16330 WHIT S1 KART 300 WLAF WZJG,,,727,465,1433,,,676,,778,1563,1513,182,2145,2145,771,1578,,,880,785,785,407,407
A,A 13800 TRAN S1 CART280 WLGPTR INDIA HAM,,,,,,3960,,,5610,,5610,,2640,,,,,,,,,268,323,323
A,A 13800 BLAC S1 CART280 WLGPBL INDIA HAM,,,,,,997,,,332,,997,665,,,,,,,,,,166,,166
A,A 13800 WHIT S1 CART280 WLGPWH INDIA HAM,,,,,,4986,,,3989,,3324,6648,,,,,,,,,,,,
A,A 13800 TRAN S1 CART280 WLGPTR INDIA Sid,,,"4,984",,,,,5514,,,5500,,5610,,392,406,406,406,406,406,406,406,406,406
A,A 13800 BLAC S1 CART280 WLGPBL INDIA SID,,,"3,324",,,,,,,,,,1662,,277,270,277,270,277,270,270,277,270,277
A,A 13800 WHIT S1 CART280 WLGPWH INDIA Sid,,,"1,662",,,,,4626,,,4432,,2659,,166,166,,166,166,166,166,,166,166
A,A 11155 ALUM 13 CART 280 WLPA SEA ZJG,,,,,720,,,,,,,,180,,180,,,180,,,180,,,180
A,A 17940 P Trans S1 KART 300 WLDA WZJG,,,407,713,633,662,713,365,996,2240,1207,1207,1018,1331,814,1331,604,705,480,284,851,858,654,654
A,A 20470 BROWN 73 SAUS 500 WLOS WZJG,,"1,022",,,,,,,,,,,691,,,,,,,691,,,,
B,B 300 CN TRAN S1 CART 300 C9004,,,"3,121",,,,,,,,,,275,252,237,252,199,184,184,214,207,237,283,283
A,A 17940 P WHITE S1 210KG DRUM ST,,,,750,,773,690,827,1497,760,1491,1495,,1510,755,755,,755,,,755,755,755,
A,A 20251.5 ALUM S1 SAUS 500 WLOS WZJG,,,698,,,,,,,,,,466,,,,,466,,,,,,
A,A 20470 BROWN 82 ZJG BARR 270KG,,,,1058,,,,1080,,,2364,,,,1083,,,,,,,,,1083
A,A 20470 BROWN 82 CART 300 WLOS WZJG,,,,,,,,1026,,,,2084,259,,259,,,259,,259,,,,259
A,A 16336.9 P TRAN S1F 210KG DRUM ST,,,,,,,705,,655,,,,,,,,,,,,,,,
A,A 13800 TRAN S1 CART280 WLGPTR INDIA BHA,,,,,5610,10560,,,17160,8910,,13860,,784,777,777,777,777,777,777,777,777,777,777
A,A 13800 WHIT S1 CART280 WLGPWH INDIA BHA,,,,,5318,4654,,,1330,,,3324,,596,596,596,596,596,596,596,596,596,596,596
A,A 13800 BLAC S1 CART280 WLGPBL INDIA BHA,,,,,,3656,,,1330,997,,2659,,242,242,235,242,242,235,242,242,235,242,235
A,A 20470 BROWN 82 SAUS 500 WLOS WZJG,,,,,994,,,,,,,,691,,,,,691,,,,,,
A,A 17940 P WHITE S1 KART 300 WLDA WZJG,,,,713,,698,,400,1433,989,1142,1214,182,684,502,814,335,378,269,182,436,465,356,356
A,A 20470 GREY S1 SAUS 500 WLOS WZJG,,,,,1238,,,,,950,,,691,,,691,,,691,,,691,,
A,A 20251.5 TRAN S1 195KG DRUM 567 ST,,,,,,85058,,,,,,,13965,,3675,3675,5145,5145,4410,5145,4410,6615,8085,5880
A,A 11736.9 P TRAN S1F 200KG DRUM ST,,,,,,1400,,,,,,,8000,8800,9600,9600,8000,8000,8000,8000,7200,8000,,
A,A 9436.9 P TRAN S1F 210KG DRUM ST,,,,,,,,,,3570,,,,,,,,,,,,,,
A,A 14036.9 P TRAN S1F 200KG DRUM ST,,,,,,2000,,,,,,,5800,,,,7200,,,,7600,,,
A,A 20700 BROW 83 200KG DRUM ST,,,,,,,726,,,,2186,,746,,,,,,,,,,746,
D,D 90 CN WHIT S1 270KG DRUM ST,,,,,,,,,,,945,,,,,,,,,,,,,
A,A 18400 N TRAN S1 200KG DRUM ST,,,,,,,700,,665,,,,,,,,,,,,,,,
A,A 20700 BROW 83 CART 300 WLGM WZJG,,,,,,,,698,,,,2137,184,,184,,,184,,184,,,184,
A,A 11155 BRON S1 CART 280 WLPA SEA ZJG,,,,,,,,,,,1080,,,,,,,,,,,,,
A,A 20700 GREY S2 200KG DRUM ST,,,,,,,1452,,,783,2367,832,746,746,,746,,746,,,746,746,,
A,A 20700 GREY S3 200KG DRUM ST,,,,,,,747,,,,730,1500,746,,,,,,,,,,746,
A,A 20700 GREY 52 200KG DRUM,,,,,,,1448,,,,1465,1463,746,,,746,,,,746,,,746,
A,A 11736.9 P WHIT S1F 200KG DRUM ST,,,,,,,,,,,,,9600,8800,9600,9600,8000,8000,8000,8000,7200,8000,,
A,A 11736.9 P BLAC S1F 200KG DRUM ST,,,,,,,,,,,,,9600,8800,9600,9600,8000,8000,8000,8000,7200,8000,,
A,A 20700 GREY S3 CART 300 WLGM WZJG,,,,,,,,734,,,712,1469,184,,184,,,184,,184,,,184,
A,A 20700 GREY 52 CART 300 WLGM WZJG,,,,,,,,1417,,,1425,1417,198,206,213,213,206,213,184,184,250,257,184,184
A,A 20700 GREY S2 CART 300 WLGM WZJG,,,,,,,,1425,,573,1388,1550,690,353,353,345,353,345,198,353,441,433,198,198
A,A 11736.9 P GREY S2F 200KG DRUM ST,,,,,,,,,,,,,,18400,9600,9600,8000,8000,8000,8000,7200,8000,,
A,A 11736.9 P BROWN S1F 200KG DRUM ST,,,,,,,,,,,,,,18400,9600,9600,8000,8000,8000,8000,7200,8000,,
A,A 20700 BEIG 48 200KG DRUM ST,,,,,,,,,739,753,,,750,,,,750,,,,,750,,
A,A 20472.3 WHIT S7 ZJG BARR 270KG,,,,,,,,,2955,2286,4070,3016,14434,7217,8248,7217,6186,6186,6186,5155,6186,3093,,
A,A 20700 BEIG 48 CART 300 WLGM WZJG,,,,,,,,,,1072,323,,184,184,184,184,184,184,,184,184,184,,
A,A 20472.3 BLAC 06 ZJG BARR 270KG,,,,,,,,,13857,63333,23956,45914,,6304,7354,9456,5253,6304,6304,5253,6304,6304,,
A,A 11736.9 P IVOR 05F 200KG DRUM ST,,,,,,,,,,,,,,18400,9600,9600,8000,8000,8000,8000,7200,8000,,
A,A 11736.9 P BRON S1F 200KG DRUM ST,,,,,,,,,,,,,,18400,9600,9600,8000,8000,8000,8000,7200,8000,,
A,A 11736.9 P ALUM S1F 200KG DRUM ST,,,,,,,,,,,,,,18400,9600,9600,8000,8000,8000,8000,7200,8000,,
A,A 14036.9 P GREY S2F 200KG DRUM ST,,,,,,,,,,,,,,1600,,,1400,,,,1600,,,
A,A 20472.3 BROW 73 270KG DRUM ZJG,,,,,,,,,,,,,10506,7354,7354,9456,6304,5253,6304,6304,5253,6304,,
A,A 20472.3 BROW 82 270KG DRUM ZJG,,,,,,,,,,,,,10712,7498,7498,9641,5356,5356,6427,6427,5356,6427,,
A,A 20472.3 BLAC 06 SAUS 500 WLW WZJG,,,,,,,,,,4032,14935,32326,32746,34062,37828,44128,26516,26012,28378,27832,28140,26796,,
A,A 20472.3 WHITE S7 SAUS 500 WLW WZJG,,,,,,,,,,,3360,4046,3724,6314,7000,8120,4970,4816,5250,5110,5250,4970,,
A,A 20378 T WHIT ZJG DR 270 KG,,,,,,,,,,,,948,,,,,,,,,,,,
D,D 85 CN WHIT S1 270KG DRUM ST,,,,,,,,,,,,,,,,,,,,,,,,
A,A 20472.3 WHIT S7 CART 300 WLOS WZJG,,,,,,,,,,,,,,,,,,,,,,,,
A,A 20472.3 BLAC 06 CART 300 WLOS WZJG,,,,,,,,,,,,,664,,,,,,,,,,,
A,A 20472.3 BLAC 06 SAUS 600 WLOS WZJG,,,,,,,,,,,1555,,2893,2841,3525,3525,1991,2167,2364,2302,2364,2229,,
A,A 20472.3 BLACK 06 SAUS 500 WLOS WZJG,,,,,,,,,,,,1382,,,,,,,,,,,,
A,A 14036.9 P TRAN S1F CART 310 W?CANADA 083,,,,,,,,,,,,,3485,,,,2996,,,,3485,,,
A,A 14036.9 P WHIT S1F CART 310 W?CANADA 083,,,,,,,,,,,,,2526,,,,2520,,,,2520,,,
A,A 14036.9 P BLAC S1F CART 310 W?CANADA 083,,,,,,,,,,,,,1443,,,,1443,,,,1436,,,
A,A 14036.9 P GREY S2F CART 310 W?CANADA 083,,,,,,,,,,,,,1443,,,,1443,,,,1436,,,
A,A 20378 T BLAC 05 ZJG DR 270 KG,,,,,,,,,,,,998,,,,,,,,,,,,
A,A 20472.3 GREY 93 ZJG BARR 270KG,,,,,,,,,,,,,10413,7289,8331,8331,6248,6248,5207,6248,6248,6248,,
A,A 20472.3 GREY S1 ZJG BARR 270KG,,,,,,,,,,,,,10506,7354,7354,9456,6304,5253,6304,6304,5253,6304,,
A,A 18400 TRAN S1 CART 300 SIKAMPTRAN,,,,,,,,,,,,,,,,,,,,,,,,
A,A 18630 TRAN S1 CART 300 SIKACTRAN,,,,,,,,,,,,,,,,,,,,,,,,
A,A 18630 WHIT S1 CART 300 SIKACWHIT,,,,,,,,,,,,,,,,,,,,,,,,
D,D 90 CN GREY S7 270KG DRUM ST,,,,,,,,,,,,,,,,,,,,,,,,
D,D 85 CN GOLD 007 270KG DRUM ST,,,,,,,,,,,,,,,,,,,,,,,,
D,D 85 CN SILVER 016 220KG DRUM ST,,,,,,,,,,,,,,,,,,,,,,,,
